{
	"label": "Classes",
	"entries": [
		{
			"id": "Envoy",
			"name": "Envoy",
			"description": "<p>You make your way in the universe with a charming smile, quick wit, and keen sense of self-preservation, and excel at getting others to do what you want. You might be a trickster, hustler, or con artist, or you might serve as an actor, ambassador, or businessperson, paving the way for negotiation through kind words or the occasional dirty trick. You are often the group’s strategist, using your quick wit and tactical acumen to push your friends to greater heights. You may also be skilled in diplomacy, serving as the face for a starship crew, talking your way into restricted systems or gaining audiences with local politicians or warlords.</p>\n<h1 class=\"title\">Envoy Improvisation - 1st Level</h1>\n<p><span id=\"ctl00_MainContent_DataListClasses_ctl00_LabelName\">As you gain experience, you learn envoy improvisations—little tricks that bolster allies, confound enemies, or change the ebb and flow of battle using guile, inspiration, or luck. You learn your first envoy improvisation at 1st level, and you learn an additional improvisation at 2nd level and every 2 levels thereafter. The list of envoy improvisations appears on page 62.<br><br>If an improvisation allows you to grant an effect to an ally, you cannot grant yourself that effect unless the improvisation states otherwise. If an envoy improvisation allows a saving throw to resist its effects or requires an enemy to attempt a skill check, the DC is equal to 10 + half your envoy level + your Charisma modifier.<br><br>Some envoy improvisations are language-dependent, mind-affecting, sense-dependent, or some combination of any or all of these. These terms are defined on page 270. <br></span></p>\n<h1 class=\"title\">Expertise - 1st Level</h1>\n<p>You are an expert at dealing with challenges that test your skills, be the challenges social or otherwise. At 1st level, when attempting a Sense Motive check, you can roll 1d6 (your expertise die) and add the result of the roll to your check as an insight bonus. You can use this and other expertise abilities as long as you have at least 1 Resolve Point remaining. At 5th level, anytime you roll your expertise die, you gain a +1 bonus to the result. At 9th, 17th, and 20th levels, this bonus increases by 1. At 13th level, you roll 1d8 as your expertise die instead of 1d6.<br><br>Beginning at 9th level, you have even greater expertise with skills to which you can add your expertise die that you have also selected with the Skill Focus feat. For each such skill, once per day when rolling your expertise die to add to that skill, you may roll the expertise die twice and take the better of the two results. </p>\n<h1 class=\"title\">Skill Expertise - 1st Level</h1>\n<p>At 1st level and every 4 levels thereafter, you can use expertise with one additional class skill. You must have at least 1 rank in a skill to select it, and it must come from the following list: Bluff (Cha), Computers (Int), Culture (Int), Diplomacy (Cha), Disguise (Cha), Engineering (Int), Intimidate (Cha), and Medicine (Int). </p>\n<h1 class=\"title\">Expertise Talent - 3rd Level</h1>\n<p>At 3rd level and every 4 levels thereafter, you choose an expertise talent, which gives you an extra option when using a skill with which you have expertise. The list of expertise talents appears on pages 269–270. </p>\n<h1 class=\"title\">Weapon Specialization - 3rd Level</h1>\n<p>You gain the Weapon Specialization feat as a bonus feat for each weapon type with which this class grants you proficiency. </p>\n<h1 class=\"title\">True Expertise - 20th Level</h1>\n<p>You gain total mastery over one of your envoy improvisations and can use it with but a thought. When you gain this ability, choose one improvisation you know that has an effect when you spend 1 Resolve Point.<br><br>As long as you have at least 1 Resolve Point remaining, you can gain the improvisation’s effect without spending the Resolve Point. This ability has no benefit if the improvisation requires more than 1 Resolve Point.</p>"
		},
		{
			"id": "Mechanic",
			"name": "Mechanic",
			"description": "<p><span id=\"ctl00_MainContent_DataListClasses_ctl00_LabelName\">You are a master of machines, from advanced supercomputers to simple magnetic engines. Understanding how these devices work gives you insight into the world around you, allowing you to make the most of your gear, circumvent hardened defenses, and even take over remote systems. Your programming skill also gives you the ability to create a powerful ally, in the form of either an implanted artificial intelligence or a robotic drone, which can assist you with a variety of tasks. If there’s a computer or machine that needs to be fixed, bypassed, or destroyed, you’re the first on the scene. Whether you’re a skilled scientist, a starship engineer, or a battlefield technician, you’re no stranger to combat—but you find it much more reasonable to have your AI or drone do the fighting for you.</span></p>\n<h1 class=\"title\">Artificial Intelligence (Ex) - 1st Level</h1>\n<p><span id=\"ctl00_MainContent_DataListClasses_ctl00_LabelName\">You construct an artificial intelligence (or AI), a sophisticated program of self-motivated code that you can access for help in a variety of endeavors. This AI is the product of your own genius, far more advanced and complicated than any available for sale to consumers (though it falls short of being truly self-aware), and only you know the secrets of its creation and operation. Your AI can take one of two forms: a drone or an exocortex. You must pick one of these forms upon taking your first level of mechanic, and once this choice is made, it cannot be changed.<br></span></p>\n<h2 class=\"title\">Drone</h2>\n<p>You begin play with a powerful robotic drone to house your AI. You build and control this drone, which accompanies you on your adventures and is capable of combat, espionage, and other specialized tasks. As you gain levels, your drone advances in sophistication and gain additional abilities. While the value of your drone is immense, only you, with your extensive knowledge of its quirks and security measures, can ever hope to operate or repair it. Drones are detailed in Drones beginning on page 74.</p>\n<h2 class=\"title\">Exocortex</h2>\n<p>You begin play with an exocortex, an artificial processor that interacts with and augments your biological brain’s cognitive functions, which can aid you in a variety of tasks, from combat to digital infiltration. Your exocortex is implanted within your physical body or brain, similar to a piece of cybernetic hardware, allowing your AI to access your mind and feed you information. As you gain levels, your exocortex advances in sophistication and processing power—see Exocortex on page 79. Only you can access or interact with your exocortex.</p>\n<h1 class=\"title\">Bypass (Ex) - 1st Level</h1>\n<p>You are skilled at getting inside computer systems and electronic devices. At 1st level, you gain a +1 insight bonus to Computers and Engineering skill checks. At 5th level, every 4 levels thereafter, and at 20th level, this bonus increases by 1.</p>\n<h1 class=\"title\">Custom Rig (Ex) - 1st Level</h1>\n<p>You have created a customized toolkit you can use to hack systems and items. Your custom rig can be configured to take up an upgrade slot on your armor or can be installed as a cybernetic augmentation system in your brain (though it can be combined with a datajack for the same price as installing a datajack normally), your eyes, or an arm. For more information on augmentations, see Chapter 7: Equipment. Alternatively, you can configure it to be a handheld device, meaning that you must retrieve it and hold it to use it effectively. While using this rig, you always count as having the appropriate tool or basic kit for any Computers or Engineering skill check you attempt. Some mechanic tricks (see page 71) and drone mods (see page 77) require the use of a custom rig. In addition, you can use your custom rig as a Mk I comm unit (see Chapter 7: Equipment). Finally, if you have a drone, you can use your custom rig to communicate over an encrypted channel with your drone to issue commands to its AI or directly control it at a range of 2,500 feet.<br><br>If your custom rig is damaged, destroyed, lost, or stolen, you can kitbash a new one from any engineering kit, hacking kit, or other technological toolkit, reconfiguring the materials into a new custom rig with 1 hour of work. You can have only one custom rig at a time. If you create a new custom rig, your old one functions as a normal toolkit of whatever type you made it from and can no longer be used with your mechanic tricks.</p>\n<h1 class=\"title\">Mechanic Trick - 2nd Level</h1>\n<p>As you gain experience, you learn tricks that allow you to perform wonders of engineering, aid in electronic infiltrations, and optimize gear. While some of these are things you learn, others are small cybernetic enhancements you make to yourself (none of which have a price or count against your augmentation limits). Some tricks require the use of a custom rig or other gear.<br><br>You learn your first mechanic trick at 2nd level, and you learn an additional mechanic trick at 4th level and every 2 levels thereafter. If a mechanic trick allows an opponent a saving throw to resist its effects, the DC is equal to 10 + half your mechanic level + your Intelligence modifier. If a mechanic trick requires an opponent to attempt a skill check, the DC is equal to 10 + 1-1/2 × your class level + your Intelligence modifier.<br><br>Unless otherwise specified, you can’t learn mechanic tricks more than once. The list of mechanic tricks appears on page 71.</p>\n<h1 class=\"title\">Overload (Ex) - 3rd Level</h1>\n<p>As a standard action, you can cause a short in an electronic device, including most ranged energy weapons, melee weapons with the powered special property, or a single armor upgrade. This makes the device nonfunctional for 1 round. Overload doesn’t cause a locked door, safe, or other device to open, but it prevents anyone from opening it for 1 round. You must be adjacent to the device to use this ability. If you have a drone, you can instead use this ability on an electronic device adjacent to your drone. If you have an exocortex with the wireless hack ability, you can instead use this ability on any electronic device within range of your exocortex’s wireless hack. If you use overload on an item or armor upgrade in someone’s possession, the owner can attempt a Reflex saving throw to negate the effect (DC = 10 + half your mechanic level + your Intelligence modifier). Overload doesn’t affect androids, cybernetics, drones, powered armor, robots, or creatures with the technological subtype (all of which have shielding against this sort of attack), or items larger than Medium. Once a device has been successfully overloaded, a residual static charge prevents that device from being overloaded again for 1 minute.</p>\n<h1 class=\"title\">Weapon Specialization (Ex) - 3rd Level</h1>\n<p>You gain the Weapon Specialization feat as a bonus feat for each weapon type this class grants you proficiency with.</p>\n<h1 class=\"title\">Remote Hack (Ex) - 5th Level</h1>\n<p>You can use your custom rig to attempt Computers and Engineering skill checks at a range of 20 feet. At 7th level and every 2 levels thereafter, this range increases by 10 feet. A target of this ability (or a creature attending or observing your target) can attempt a Perception or Sense Motive check (DC = 10 + 1-1/2 × your mechanic level + your Intelligence modifier) to determine that you are the origin of this activity.</p>\n<h1 class=\"title\">Expert Rig (Ex) - 7th Level</h1>\n<p>Your custom rig has improved. Whenever you use your custom rig to successfully hack into a computer, you can also disable one countermeasure installed in the system (except firewalls). In addition, your custom rig can now be used as any engineering or hacking specialty kit of item level 6th or lower, and it has the features of a computer with a tier equal to half your level with the artificial personality, hardened, or security I upgrade module. It also has an audio/video recorder. You can add extra modules or countermeasures to your custom rig at the normal prices. See page 213 for more information on computers.<br><br>You can also use your custom rig to communicate over an encrypted channel with your ship, allowing you to access your ship’s downloaded data sets and transponder (see page 430) at a range of 5 miles. If you have a drone, you can issue commands to or directly control your drone at the same range.</p>\n<h1 class=\"title\">Miracle Worker (Ex) - 7th Level</h1>\n<p>As a move action, you can repair damage to a starship’s systems or modify a suit of armor or weapon to function more efficiently. To use this ability, you must be able to handle the item affected without impediment. You can use this ability once per day at 7th level, plus one additional time per day for every 4 mechanic levels you have beyond 7th. The exact effect of this ability depends on the object or system you are modifying.</p>\n<ul>\n<li><strong>Armor</strong>: You grant a +2 enhancement bonus to a suit of armor’s EAC and KAC for 1 minute.</li>\n<li><strong>Weapon</strong>: You grant a +2 enhancement bonus to a weapon’s attack and damage rolls for 1 minute.</li>\n<li><strong>Damaged Ship</strong>: You restore a number of Hull Points equal to the starship’s base frame HP increment. If this raises the ship’s HP over a multiple of its Critical Threshold, you can repair critical damage to one system per multiple, reducing its severity by one step. For example, if your starship’s Critical Threshold is 8 and you restore 10 HP, reducing the damage to the hull from 17 HP to 7 HP, you could restore one system from wrecked to glitching. Using this ability during starship combat is your action for the turn, and you can do it only during the engineering phase. See page 292 for more on ship construction and page 320 for more on damage to ships.</li>\n</ul>\n<p>&nbsp;</p>\n<h1 class=\"title\">Override (Ex) - 9th Level</h1>\n<p>Your overload class feature now affects androids, drones, robots, and creatures with the technological subtype, which must succeed at a Will saving throw (DC = 10 + half your mechanic level + your Intelligence modifier) or be dazed for 1 round. If the target fails its saving throw by 10 or more, it is not dazed and you can dictate its actions for 1 round, though these actions can’t be obviously self-destructive. Once a creature has attempted a saving throw against this attack (regardless of the result), it is immune to this attack for 24 hours.</p>\n<h1 class=\"title\">Coordinated Assault (Ex) - 11th Level</h1>\n<p>If you have a drone, whenever both you and your drone make attacks against the same target, you each receive a +1 circumstance bonus to your attack rolls. If you have an exocortex instead, whenever you and your exocortex are both attempting to hack a system, you each receive a +1 circumstance bonus to the checks to gain access. In either case, these bonuses increase to +2 at 17th level.</p>\n<h1 class=\"title\">Advanced Rig (Ex) - 13th Level</h1>\n<p>Your custom rig’s computer functions gain a bonus firewall countermeasure (see page 217). This firewall has no additional cost, does not count against the maximum number of countermeasures your custom rig can have, and can block off a module or group of modules already protected by a firewall.<br><br>In addition, you can use your custom rig to communicate over an encrypted channel with your ship, allowing you to access the ship’s sensors, control its security systems, and prepare its engines for takeoff (as well as use the encrypted communications functions of your expert rig) at a range of 50 miles. If you have a drone, you can issue commands to or directly control your drone over an encrypted channel at the same range.</p>\n<h1 class=\"title\">Control Net (Ex) - 17th Level</h1>\n<p>You are capable of operating multiple AIs, one in a drone and one in an exocortex. You must divide up your mechanic level between these different AIs, and each gains abilities based on the number of levels you assign to it. Every time you gain a level in mechanic, you can change the distribution of levels between these AIs using your custom rig after 24 hours of uninterrupted work. While each AI can act independently to the limits of its ability, you can control them as normal (although you can directly control only one AI at a time). If the number of levels assigned to your exocortex is less than your mechanic level, your exocortex grants a smaller increase to your base attack bonus when using combat tracking (see page 79), as noted in the table below. You gain additional exocortex abilities, such as wireless hack and multitasking, based upon the level you assign to it as normal.<br><br></p>\n<table class=\"inner\" style=\"height: 102px;\">\n<tbody>\n<tr style=\"height: 17px;\">\n<td style=\"height: 17px; width: 181px;\"><strong>Levels Assigned</strong></td>\n<td style=\"height: 17px; width: 341px;\"><strong>Increase to Base Attack Bonus</strong></td>\n</tr>\n<tr style=\"height: 17px;\">\n<td style=\"height: 17px; width: 181px;\">1-4</td>\n<td style=\"height: 17px; width: 341px;\">+1</td>\n</tr>\n<tr style=\"height: 17px;\">\n<td style=\"height: 17px; width: 181px;\">5-8</td>\n<td style=\"height: 17px; width: 341px;\">+2</td>\n</tr>\n<tr style=\"height: 17px;\">\n<td style=\"height: 17px; width: 181px;\">9-12</td>\n<td style=\"height: 17px; width: 341px;\">+3</td>\n</tr>\n<tr style=\"height: 17px;\">\n<td style=\"height: 17px; width: 181px;\">13-16</td>\n<td style=\"height: 17px; width: 341px;\">+4</td>\n</tr>\n<tr style=\"height: 17px;\">\n<td style=\"height: 17px; width: 181px;\">17-20</td>\n<td style=\"height: 17px; width: 341px;\">+5</td>\n</tr>\n</tbody>\n</table>\n<p>&nbsp;</p>\n<h1 class=\"title\">Ghost in the Machine (Ex) - 19th Level</h1>\n<p>When using your override class feature to affect an android, drone, robot, or creature with the technological subtype, a target that fails its saving throw by any amount is not dazed, and you can instead dictate its actions for the next round. These actions can’t be obviously self-destructive. Once a creature has attempted a saving throw against this attack (regardless of the result), it is immune to this attack for 24 hours unless you spend 1 Resolve Point. You can continue to spend Resolve Points in this manner each round to make the creature susceptible to override again.</p>\n<h1 class=\"title\">Superior Rig (Ex) - 19th Level</h1>\n<p>Your custom rig’s computer functions now gain bonus lockout and wipe countermeasures. You can use your custom rig normally even when its lockout is active (you have special authorization no one else can access under any circumstances), and while any wiped data cannot be recovered by anyone else (as if the data module were destroyed), you can automatically recover it with 8 hours of work. These countermeasures have no additional cost and do not count against the maximum number of countermeasures your custom rig can have.<br><br>Additionally, you can use your custom rig to communicate over an encrypted channel with your ship at a range encompassing a planet and its close orbit, allowing you to remotely pilot your starship from point to point on the same planet or to and from orbit (as well as use the encrypted communications functions of your expert and advanced rig at the same range). If you have a drone, you can issue commands to or directly control your drone over an encrypted channel at the same range.</p>\n<h1 class=\"title\">Tech Master (Ex) - 20th Level</h1>\n<p>You are a master of technology. You can spend 1 Resolve Point to craft any technological weapon, armor, or item at a rate of 1 minute per item level or spend 1 Resolve Point to convert any existing technological armor or weapon into another suit of armor or another weapon of equal or lesser value at a rate of 1 minute per item level. This uses the normal crafting rules presented on page 235, but the item being converted counts as its full value in crafting components. You cannot convert a onehanded weapon into a two-handed weapon. When converting an item into a cheaper item, any excess value is lost and cannot be reclaimed by converting the item back.</p>"
		},
		{
			"id": "Mystic",
			"name": "Mystic",
			"description": "<p><span id=\"ctl00_MainContent_DataListClasses_ctl00_LabelName\">You understand that what most people call magic is simply an expression of the innate connection between all things, and you intuitively tap into this unseen power to create strange effects. You may conceptualize the source of your magic as divine grace, a manipulation of fundamental energy, or an unlocking of psychic potential, but always with the knowledge that you are a conduit channeling forces greater than yourself. Though you may study, you understand that spellcasting—like all existence—is messy and intuitive, and you specialize in biology and mental systems too complex to be perfectly understood by science. You sense the intangible and exploit your bonds with others, whether to bolster them or bend them to your will.</span></p>\n<div style=\"float: left; padding-right: 10px;\">&nbsp;</div>\n<h2>Spells Known</h2>\n<p><span id=\"ctl00_MainContent_DataListClasses_ctl00_LabelName\"></span></p>\n<table class=\"inner\">\n<tbody>\n<tr>\n<td><strong>Level</strong></td>\n<td><strong>0</strong></td>\n<td><strong>1st</strong></td>\n<td><strong>2nd</strong></td>\n<td><strong>3rd</strong></td>\n<td><strong>4th</strong></td>\n<td><strong>5th</strong></td>\n<td><strong>6th</strong></td>\n</tr>\n<tr>\n<td>1st</td>\n<td>4</td>\n<td>2</td>\n<td>-</td>\n<td>-</td>\n<td>-</td>\n<td>-</td>\n<td>-</td>\n</tr>\n<tr>\n<td>2nd</td>\n<td>5</td>\n<td>3</td>\n<td>-</td>\n<td>-</td>\n<td>-</td>\n<td>-</td>\n<td>-</td>\n</tr>\n<tr>\n<td>3rd</td>\n<td>6</td>\n<td>4</td>\n<td>-</td>\n<td>-</td>\n<td>-</td>\n<td>-</td>\n<td>-</td>\n</tr>\n<tr>\n<td>4th</td>\n<td>6</td>\n<td>4</td>\n<td>2</td>\n<td>-</td>\n<td>-</td>\n<td>-</td>\n<td>-</td>\n</tr>\n<tr>\n<td>5th</td>\n<td>6</td>\n<td>4</td>\n<td>3</td>\n<td>-</td>\n<td>-</td>\n<td>-</td>\n<td>-</td>\n</tr>\n<tr>\n<td>6th</td>\n<td>6</td>\n<td>4</td>\n<td>4</td>\n<td>-</td>\n<td>-</td>\n<td>-</td>\n<td>-</td>\n</tr>\n<tr>\n<td>7th</td>\n<td>6</td>\n<td>5</td>\n<td>4</td>\n<td>2</td>\n<td>-</td>\n<td>-</td>\n<td>-</td>\n</tr>\n<tr>\n<td>8th</td>\n<td>6</td>\n<td>5</td>\n<td>4</td>\n<td>3</td>\n<td>-</td>\n<td>-</td>\n<td>-</td>\n</tr>\n<tr>\n<td>9th</td>\n<td>6</td>\n<td>5</td>\n<td>4</td>\n<td>4</td>\n<td>-</td>\n<td>-</td>\n<td>-</td>\n</tr>\n<tr>\n<td>10th</td>\n<td>6</td>\n<td>5</td>\n<td>5</td>\n<td>4</td>\n<td>2</td>\n<td>-</td>\n<td>-</td>\n</tr>\n<tr>\n<td>11th</td>\n<td>6</td>\n<td>6</td>\n<td>5</td>\n<td>4</td>\n<td>3</td>\n<td>-</td>\n<td>-</td>\n</tr>\n<tr>\n<td>12th</td>\n<td>6</td>\n<td>6</td>\n<td>5</td>\n<td>4</td>\n<td>4</td>\n<td>-</td>\n<td>-</td>\n</tr>\n<tr>\n<td>13th</td>\n<td>6</td>\n<td>6</td>\n<td>5</td>\n<td>5</td>\n<td>4</td>\n<td>2</td>\n<td>-</td>\n</tr>\n<tr>\n<td>14th</td>\n<td>6</td>\n<td>6</td>\n<td>6</td>\n<td>5</td>\n<td>4</td>\n<td>3</td>\n<td>-</td>\n</tr>\n<tr>\n<td>15th</td>\n<td>6</td>\n<td>6</td>\n<td>6</td>\n<td>5</td>\n<td>4</td>\n<td>4</td>\n<td>-</td>\n</tr>\n<tr>\n<td>16th</td>\n<td>6</td>\n<td>6</td>\n<td>6</td>\n<td>5</td>\n<td>5</td>\n<td>4</td>\n<td>2</td>\n</tr>\n<tr>\n<td>17th</td>\n<td>6</td>\n<td>6</td>\n<td>6</td>\n<td>6</td>\n<td>5</td>\n<td>4</td>\n<td>3</td>\n</tr>\n<tr>\n<td>18th</td>\n<td>6</td>\n<td>6</td>\n<td>6</td>\n<td>6</td>\n<td>5</td>\n<td>4</td>\n<td>4</td>\n</tr>\n<tr>\n<td>19th</td>\n<td>6</td>\n<td>6</td>\n<td>6</td>\n<td>6</td>\n<td>5</td>\n<td>5</td>\n<td>4</td>\n</tr>\n<tr>\n<td>20th</td>\n<td>6</td>\n<td>6</td>\n<td>6</td>\n<td>6</td>\n<td>6</td>\n<td>5</td>\n<td>5</td>\n</tr>\n</tbody>\n</table>\n<h1 class=\"title\">Spells</h1>\n<p><span id=\"ctl00_MainContent_DataListClasses_ctl00_LabelName\"> You cast spells drawn from the mystic spell list (see page 336). To learn or cast a spell, you must have a Wisdom score equal to at least 10 + the spell’s level. The Difficulty Class for a saving throw against your spell is 10 + the spell’s level + your Wisdom modifier.<br><br>You can cast only a certain number of spells of each spell level per day. Your number of spells per day is given on Table 4–4: Mystic. In addition, you receive bonus spells per day if you have a Wisdom modifier of +1 or higher, as shown on Table 4–5: Mystic Bonus Spells—note that you only receive these bonus spells once you can cast spells of that level normally. You can also cast 0-level spells. These spells are cast like any other spell, but there is no limit to how many 0-level spells you can cast each day.<br><br>Your selection of spells is limited. You begin play knowing four 0-level spells and two 1st-level spells of your choice. At each new mystic level, you learn one or more new spells, as indicated on Table 4–6: Mystic Spells Known. Unlike spells per day, the number of spells you know isn’t affected by your Wisdom modifier.<br><br>Every time you gain a level, you can swap out one spell you already know and learn a single new spell of the same level in its place. In effect, you lose the old spell in exchange for the new one. You must choose whether or not to swap the spell at the same time you gain new spells known for the level.<br><br>You can cast any mystic spell you know at any time, assuming you have not yet used up your allotment of spells per day for the spell’s level. You can also cast a spell using a higher-level spell slot. For instance, if you want to cast a 1st-level spell but have used up all your 1st-level spells for the day, you can use a spell from a 2nd-level slot instead if you have one.<br><br>You can also decipher magical inscriptions that would otherwise be unintelligible or, as a full action, identify any spells encoded in a spell gem as a full action. This does not normally invoke the magic contained within, although it may do so in the case of a cursed or trapped spell gem. </span></p>\n<h1 class=\"title\">Connection - 1st Level</h1>\n<p>You have a mysterious connection with some force that grants you magical powers. The exact nature of your connection can vary widely, and even mystics who share the same connection may interpret it differently. You must pick one connection upon taking your first level of mystic—once made, this choice can’t be changed. Connections you can choose from begin on page 85.<br><br>Many mystics serve as priests of various gods, and while you can theoretically choose any type of connection with any entity or concept, deities rarely grant connections that don’t fit within their ethos (for example, Weydan, the god of freedom, is unlikely to look kindly on overlords). As such, each connection lists the deities and philosophies commonly associated with it.</p>\n<h2 class=\"title\">Connection Power - 1st Level</h2>\n<p>At 1st level, 3rd level, and every 3 levels thereafter, you gain a connection power unique to your connection. If a connection power allows a saving throw to resist its effects, the DC is equal to 10 + half your mystic level + your Wisdom modifier. If the power requires an enemy to attempt a skill check, the DC is equal to 10 + 1-1/2 × your mystic level + your Wisdom modifier.</p>\n<h2 class=\"title\">Connection Spell - 1st Level</h2>\n<p>Your connection grants you additional spells known, one for each level of mystic spell you can cast, starting at 1st level and at any level when you normally gain access to a new spell level. These spells are in addition to the spells known listed on Table 4–6: Mystic Spells Known. These spells can’t be exchanged for different spells at higher levels (except in specific cases; see below). The spell level of each spell is listed in your connection’s entry.<br><br>If your connection lists a single variable-level spell (see page 330) for all spell levels at the start of its spells entry, you gain that variable-level spell when you first get your connection spell for each level. The next time you gain a connection spell, add the next higher level of the variable-level spell to your list of spells known. You immediately lose the lower-level version of that variable-level spell and replace it with the listed connection spell for that lower level.</p>\n<h1 class=\"title\">Healing Touch (Su) - 1st Level</h1>\n<p>Once per day, you can spend 10 minutes to magically heal an ally up to 5 Hit Points per mystic level.</p>\n<h1 class=\"title\">Channel Skill (Su) - 2nd Level</h1>\n<p>You draw strange feelings, instincts, knowledge, and urges from your connection, augmenting your prowess in certain tasks. Each connection has two skills associated with it. You gain a +1 insight bonus to skill checks with your connection’s associated skills. This bonus increases by 1 at 5th level and every 3 levels thereafter.</p>\n<h1 class=\"title\">Mindlink (Sp) - 2nd Level</h1>\n<p>You can form a mental link with creatures you touch, communicating information rapidly through it. You can use <em>mindlink</em> at will as a spell-like ability, though only once per day on any given individual.</p>\n<h1 class=\"title\">Weapon Specialization (Ex) - 3rd Level</h1>\n<p>You gain Weapon Specialization as a bonus feat for each weapon type this class grants you proficiency with.</p>\n<h1 class=\"title\">Telepathic Bond (Sp) - 11th Level</h1>\n<p>As a standard action, you can form a telepathic link with up to six other willing creatures, allowing you to communicate telepathically at great distances. This functions as <em>telepathic bond</em>, except the duration is permanent. You can have only one telepathic bond active in this way at any given time; creating a new telepathic bond immediately ends the previous one.</p>\n<h1 class=\"title\">Transcendence (Sp) - 19th Level</h1>\n<p>You are close to becoming one with your connection. You can cast each of your connection spells once per day without consuming a spell slot. In addition, you learn how to temporarily transcend your physical form. Once per day, you can spend 1 Resolve Point to project your consciousness outside of your physical body in the form of an intangible psychic image of yourself. This counts as a 6th-level illusion effect and lasts for a number of rounds equal to your mystic level. While your consciousness is projected, your physical body is considered blind, deaf, and helpless, but you can return to your body as a swift action. You control your psychic image as though it was your own body, and your senses perceive only what the image can see and hear. You move with a fly speed of 60 feet and perfect maneuverability. You can pass through solid objects as though you were incorporeal, but you can’t go farther into a solid object than your space (5 feet for a Medium creature). You can’t directly affect physical objects. Your projected consciousness is immune to most attacks or effects, whether or not they affect incorporeal creatures, but mindaffecting effects have their full effect on you.<br><br>You can cast any mystic spell or spell-like ability with a range of touch or greater from your projected consciousness. The spells affect other targets normally. You can’t cast any spells on your projected consciousness except for illusion spells. You need not maintain line of effect to your projected consciousness, but if you cross into another plane, even momentarily (including via Drift travel), your mind immediately returns to your physical body.</p>\n<h1 class=\"title\">Enlightenment (Su) - 20th Level</h1>\n<p>&nbsp; You achieve enlightenment, becoming a living incarnation of your connection. You no longer age, nor do you die of old age. Once per day as a move action, you can enter a state of total communion with your connection that lasts for 1 minute. During this time, you gain a +4 insight bonus to attack rolls, saving throws, and skill checks, and you gain 20 temporary Resolve Points that you can use only on connection powers. Any unspent temporary Resolve Points disappear at the end of this minute. In addition, once per week, you can cast <em>miracle</em> as a spell-like ability.</p>"
		},
		{
			"id": "Operative",
			"name": "Operative",
			"description": "<p><span id=\"ctl00_MainContent_DataListClasses_ctl00_LabelName\">You’re a shadow. You move swiftly, strike suddenly, and always have an escape plan. You’re a consummate professional, and you always get the job done, whether it’s scouting enemy lines, hunting down criminals, stealing and smuggling items, or assassinating key figures. As an operative, you’re skilled in a wide variety of disciplines and specialties, and use speed, mobility, and your quick wits rather than relying on heavy weapons. You excel at the art of surprise, whether it’s sniping targets from cover or striking while their backs are turned. Your cause may be righteous, but you have no problem fighting dirty—achieving your objective is all that matters.</span></p>\n<h1 class=\"title\">Operative’s Edge (Ex) - 1st Level</h1>\n<p><span id=\"ctl00_MainContent_DataListClasses_ctl00_LabelName\"> Your diverse training as an operative grants you a +1 insight bonus to initiative checks and to skill checks. This bonus increases by 1 at 3rd level and every 4 levels thereafter. </span></p>\n<h1 class=\"title\">Specialization - 1st Level</h1>\n<p>Your specialization represents your primary area of expertise. Pick one specialization upon taking your 1st level of the operative class. Once made, this choice cannot be changed. Descriptions of the specializations appear on page 94. Your specialization grants you the Skill Focus feat (see page 161) in your specialization’s associated skills, and you gain a free skill rank in each of those skills at each operative level (this does not allow you to exceed the maximum number of skill ranks in a single skill).</p>\n<h2 class=\"title\">Specialization Exploit - 5th Level</h2>\n<p>You gain your specialization’s listed exploit as a bonus operative exploit, even if you don’t meet the prerequisites.</p>\n<h2 class=\"title\">Specialization Skill Mastery - 7th Level</h2>\n<p>You become so confident in certain skills that you can use them reliably even under adverse conditions. When attempting a skill check with a skill in which you have the Skill Focus feat, you can take 10 even if stress or distractions would normally prevent you from doing so.</p>\n<h2 class=\"title\">Specialization Power - 11th Level</h2>\n<p>You gain a special power depending on the specialization you chose at 1st level.</p>\n<h1 class=\"title\">Trick Attack (Ex) - 1st Level</h1>\n<p>You can trick or startle a foe and then attack when she drops her guard. As a full action, you can move up to your speed. Whether or not you moved, you can then make an attack with a melee weapon with the operative special property or with any small arm. Just before making your attack, attempt a Bluff, Intimidate, or Stealth check (or a check associated with your specialization; see page 94) with a DC equal to 20 + your target’s CR. If you succeed at the check, you deal 1d4 additional damage and the target is flat-footed. This damage increases to 1d8 at 3rd level, to 3d8 at 5th level, and by an additional 1d8 every 2 levels thereafter. You can’t use this ability with a weapon that has the unwieldy special property or that requires a full action to make a single attack.</p>\n<h1 class=\"title\">Evasion (Ex) - 2nd Level</h1>\n<p>If you succeed at a Reflex save against an effect that normally has a partial effect on a successful save, you instead suffer no effect. You gain this benefit only when unencumbered and wearing light armor or no armor, and you lose the benefit when you are helpless or otherwise unable to move.</p>\n<h1 class=\"title\">Operative Exploit - 2nd Level</h1>\n<p>As you gain experience, you learn special tricks called operative exploits. You learn your first operative exploit at 2nd level, and you learn an additional exploit every 2 levels thereafter. If an operative exploit allows a saving throw to resist its effects, the DC is equal to 10 + half your operative level + your Dexterity modifier. If it requires an enemy to attempt a skill check, the DC is equal to 10 + 1-1/2 × your operative level + your Dexterity modifier. The list of operative exploits appears on page 95. You cannot learn the same exploit more than once unless it specially says otherwise.</p>\n<h1 class=\"title\">Quick Movement (Ex) - 3rd Level</h1>\n<p>As long as you are unencumbered and wearing light armor or no armor, your land speed increases by 10 feet. At 9th level, your land speed instead increases by 20 feet, and at 15th level, your land speed instead increases by 30 feet.</p>\n<h1 class=\"title\">Weapon Specialization (Ex) - 3rd Level</h1>\n<p>You gain the Weapon Specialization feat as a bonus feat for each weapon type with which this class grants you proficiency.</p>\n<h1 class=\"title\">Debilitating Trick (Ex) - 4th Level</h1>\n<p>When you hit an enemy with a trick attack, you can make the creature flat-footed or off-target until the beginning of your next turn. You might learn exploits that grant you additional options for your debilitating trick, but you can select only one option each time you hit with a trick attack.</p>\n<h1 class=\"title\">Uncanny Agility (Ex) - 7th Level</h1>\n<p>You are immune to the flat-footed condition, and your opponent doesn’t gain any bonuses to attack rolls against you from flanking you or attacking you when you’re prone. Furthermore, covering fire and harrying fire don’t provide any advantage against you.</p>\n<h1 class=\"title\">Triple Attack (Ex) - 8th Level</h1>\n<p>When making a full attack using only melee weapons with the operative special property or small arms, you can make up to three attacks instead of two.</p>\n<h1 class=\"title\">Quad Attack (Ex) - 13th Level</h1>\n<p>When making a full attack using only melee weapons with the operative special property or small arms, you can make up to four attacks instead of two.</p>\n<h1 class=\"title\">Double Debilitation (Ex) - 17th Level</h1>\n<p>When you hit an enemy with a trick attack, you can apply two of the effects from your debilitating trick.</p>\n<h1 class=\"title\">Supreme Operative (Ex) - 20th Level</h1>\n<p>&nbsp; Whenever you attempt a skill check with your specialization’s associated skills, you can roll twice and take the higher result. Once per day as a move action, you can temporarily trade out one of your operative exploits for another operative exploit requiring the same level or lower. This trade lasts 24 hours. If the exploit you trade away is a prerequisite for any of your other abilities, you lose all abilities that require it as a prerequisite for the duration.</p>"
		},
		{
			"id": "Solarian",
			"name": "Solarian",
			"description": "<p><span id=\"ctl00_MainContent_DataListClasses_ctl00_LabelName\">The stars guide the planets with gravity, create life with light and heat, and utterly consume worlds in supernovas and black holes. You understand that these acts of creation and destruction are not opposites, but rather two parts of a natural, dualistic cycle. You seek to be an agent of that cycle, an enlightened warrior with the ability to manipulate the forces of the stars themselves. Constantly accompanied by a mote of fundamental energy or entropy, you can shape this essence in combat to create weapons and armor of gleaming stellar light or pure, devouring darkness. Whether you apprenticed in a temple or came to your powers through personal revelation, you recognize yourself as part of an ancient tradition—a force of preservation and annihilation.</span></p>\n<h1 class=\"title\">Skill Adept - 1st Level</h1>\n<p><span id=\"ctl00_MainContent_DataListClasses_ctl00_LabelName\"> As part of the process that led you to become a solarian, you gained additional insight and training. Choose two additional skills and add them to your list of class skills. </span></p>\n<h1 class=\"title\">Solar Manifestation (Su) - 1st Level</h1>\n<p>At 1st level, you gain a physical manifestation of your stellar power. The base form of your solar manifestation, when not actively in use, is a mote of stellar energy slightly smaller than your fist that hovers near your head. Beyond the solar mote, your manifestation can take one of two additional forms: armor or a weapon. You must pick one solar manifestation (either armor or a weapon) upon taking your first level of solarian. You also choose whether your solar manifestation (in any form) either glows brightly with one color common to stars (including blue, red, white, or yellow) or is the perfect darkness of a black hole. A glowing solar manifestation, regardless of its form, sheds dim light in a 20-foot radius. You can shut off the light or darkness as a standard action in order to blend in or assist in stealth, but whenever you enter a stellar mode (see page 102), the glow or darkness returns immediately. Once made, these choices cannot be changed. <br><br>Only you can interact with your solar manifestation, whether in mote, armor, or weapon form. No other creature or effect can affect your solar manifestation in any way, including disarming or sundering it.</p>\n<h2 class=\"title\">Solar Armor</h2>\n<p><strong>Source</strong> <a class=\"external-link\" href=\"https://paizo.com/products/btpy9ssr?Starfinder-Core-Rulebook\" target=\"_blank\" rel=\"noopener\"><em>SFRPG Core Rulebook pg. 101</em></a><br>You can form your solar mote into a suit of armor made out of stellar energy that outlines your body. This armor appears to be made out of glowing light or solid darkness, as determined by the appearance of your solar manifestation, but it can take whatever general shape you choose, whether glowing armored plates of solidified stellar energy, a form-fitting suit of crackling energy, or an aura of stellar plasma. Your solar armor’s general design has no impact on its function and doesn’t give the armor any special abilities. Once you’ve selected the general design, you can’t change it until you gain a new solarian level. <br><br>Your solar armor grants you a +1 enhancement bonus to both your Kinetic Armor Class and your Energy Armor Class. This bonus increases to +2 at 10th level. It is compatible with light armor, but it gives you no benefit if you’re wearing heavy armor. At 5th level, you also gain energy resistance 5 while your solar armor is active. You can choose either cold resistance or fire resistance when you activate the armor, and can switch energy types as a move action. This energy resistance increases by 5 at 10th level and every 5 levels thereafter. <br><br>Forming or dismissing solar armor is a move action.</p>\n<h2 class=\"title\">Solar Flare</h2>\n<p><strong>Source</strong> <a class=\"external-link\" href=\"https://paizo.com/products/btq01yef?Starfinder-Character-Operations-Manual\" target=\"_blank\" rel=\"noopener\"><em>Character Operations Manual pg. 84</em></a><br>You can condense your solar mote around one of your hands to form a lightweight ranged weapon of stellar energy. This weapon appears to be made of either glowing light or solid darkness, as determined by the appearance of your solar manifestation, but it can take any general shape you desire. The shape of normal ranged weapons—such as pistols, crossbows, and handcannons are fairly common—but more esoteric manifestations such as a shimmering crystal that launches fragments of itself, a dark aura that forms directly onto your foes, or an orb of stellar energy that releases beams of pure light are also possible. Your solar flare’s general design has no impact on its function, and it doesn’t give the weapon any weapon special properties. Once you’ve selected the general design, you can’t change it until you gain a new solarian level.<br><br>Your solar flare functions as a one-handed uncategorized small arm that targets EAC (though it can’t be used to make trick attacks, if you have that class feature), and you’re automatically proficient with it. At 1st level, choose whether your solar flare deals cold damage or fire damage. You can change the damage type each time you gain a new solarian level. Your solar flare deals 1d4 damage and has a range increment of 60 feet. This damage increases by 1d4 at 6th level, 9th level, 12th level, and every level thereafter.<br><br>Unlike most small arms, when you gain Weapon Specialization at 3rd level, you add your full solarian level to damage with your solar flare, as opposed to half. If you are a multiclass solarian, you add only your full solarian level and half your levels in other classes to damage with your solar flare.<br><br>Any solarian class features (including stellar revelations and zenith revelations) that specifically affect melee weapons (such as the flashing strikes class feature) function with your solar flare, even if they normally work only with melee attacks. Anything that specifically affects solar weapons (such as <em>solarian weapon crystals</em>) affects your solar flare in the same way, though it can’t gain any weapon special property, critical hit effect, or weapon fusion that can’t be applied to a small arm.<br><br>Forming or dismissing a solar flare is a move action that takes the same amount of effort as drawing or sheathing a weapon (and can be combined with a move as a single move action or used with the Quick Draw feat). Your solar flare is automatically dismissed if it ever leaves your hand.</p>\n<h2 class=\"title\">Solar Weapon</h2>\n<p><strong>Source</strong> <a class=\"external-link\" href=\"https://paizo.com/products/btpy9ssr?Starfinder-Core-Rulebook\" target=\"_blank\" rel=\"noopener\"><em>SFRPG Core Rulebook pg. 101</em></a><br>You can seize your solar mote in one hand to form a melee weapon out of stellar energy. This weapon appears to be made out of glowing light or solid darkness, as determined by the appearance of your solar manifestation, but it can be whatever general shape you choose. Normal melee weapons like axes, swords, and spears are most common, but other shapes, such as a large rune of stellar energy, a mass of writhing energy tendrils, or an energized fist that fits over your own hand, are possible as well. Your solar weapon’s general design has no impact on its function, and doesn’t give the weapon any special abilities such as reach. Once you’ve selected the general design, you can’t change it until you gain a new solarian level. <br><br>Your solar weapon functions as a one-handed kinetic advanced melee weapon, and you’re automatically proficient with it. At 1st level, choose whether your solar weapon deals bludgeoning, piercing, or slashing damage. You can change the damage type each time you gain a new solarian level. Your solar weapon deals damage equal to 1d6 + your Strength modifier. This damage increases by 1d6 at 6th level, 9th level, 12th level, and every level thereafter. Solarian weapon crystals (see page 170) can increase your solar weapon’s damage. <br><br>Forming or dismissing a solar weapon is a move action that takes the same amount of effort as drawing or sheathing a weapon (and can be combined with a move as a single move action or used with the Quick Draw feat). Your solar weapon is automatically dismissed if it ever leaves your hand.</p>\n<h1 class=\"title\">Stellar Mode (Su) - 1st Level</h1>\n<p>The stellar forces you call on are attuned to either photons (representing the power of stars to emit heat, light, and plasma) or gravitons (representing the power of stars to attract and imprison objects through gravity). The ultimate expression of photon power is the supernova, when all of a star’s energy is exerted outward, while the ultimate expression of graviton power is the black hole, where gravity is so strong that nothing, not even light, can escape it. The balance between these two opposing cosmic forces is the source of your power, and your stellar mode represents the strength of your connection with one or both of these forces—a relationship that shifts from one moment to the next as you use your stellar revelations.<br><br>When in battle, you enter a state of metaphysical alignment with cosmic forces. At the start of your first turn in combat, if you are conscious, you must choose one of three stellar modes: graviton, photon, or unattuned (see below).<br><br>At the start of each subsequent turn of combat, you must choose to either stay in your current stellar mode or to become unattuned. If you choose to stay in your mode, you gain another attunement point for that mode. As long as you have 1 or 2 attunement points in a mode, you are attuned to that mode. Once you reach 3 attunement points in a mode, you become fully attuned to that mode. Some of your stellar revelations are zenith revelations, which can be used only when you’re fully attuned to one mode or the other. When you are fully attuned, you cannot gain more points in your mode, but you stay fully attuned until combat ends, your stellar mode ends, or you become unattuned. If you choose to become unattuned, you lose all attunement points you’ve accrued so far. At the start of your next turn, you can enter a new stellar mode or stay unattuned.<br><br>At the end of combat, your stellar mode ends. If you fall unconscious during an encounter, you become unattuned. If you regain consciousness while still under threat, you can enter a stellar mode on your first turn after regaining consciousness, as if it were the first round of combat; if combat ends before you regain consciousness, your stellar mode ends. If you are not in a stellar mode, for any reason, you are considered unattuned for the purposes of your stellar revelations.<br><br>When you’re not in combat, you can’t enter a stellar mode. This ability manifests only in high-stakes situations, when your training takes over and connects your mind to the universe. There needs to be some risk to you for your stellar mode to activate, so you must be facing a significant enemy (see page 242). If there’s any doubt about whether you’re in combat or able to access your stellar mode, the GM decides. This also means that your stellar mode might end before what was previously a dangerous battle is over, once all that remains are dregs that don’t pose a real threat to you.</p>\n<h2 class=\"title\">Graviton Mode</h2>\n<p>When you enter graviton mode, you gain 1 graviton attunement point and become graviton-attuned. Some of your stellar revelations are graviton powers and get stronger if you’re graviton-attuned. While graviton-attuned, you gain a +1 insight bonus to Reflex saves. This bonus increases by 1 for every 9 solarian levels you have.</p>\n<h2 class=\"title\">Photon Mode</h2>\n<p>When you enter photon mode, you gain 1 photon attunement point and become photon-attuned. Some of your stellar revelations are photon powers and get stronger if you’re photon-attuned. While photon-attuned, you gain a +1 insight bonus to damage rolls (including damage rolls for your stellar powers). This bonus increases by 1 for every 6 solarian levels you have.</p>\n<h2 class=\"title\">Unattuned</h2>\n<p>While unattuned, you gain no attunement points and you are neither photon-attuned nor graviton-attuned. You gain no benefits while unattuned.</p>\n<h1 class=\"title\">Stellar Revelation - 1st Level</h1>\n<p>As you gain experience, you uncover new secrets about the powers of energy, gravity, stars, and other fundamental sources of cosmic power that grant you the ability to channel these forces and manifest potent preternatural powers. At 1st level, you automatically learn the black hole and supernova stellar revelations. At 2nd level and every 2 levels thereafter, you learn an additional stellar revelation. You cannot select the same stellar revelation more than once unless it says otherwise. You can choose any stellar revelations you wish, but if you have more photon revelations than graviton revelations, or vice versa, it is more difficult to become fully attuned in either mode (see Disproportionate Revelations on page 104). The list of stellar revelations begins on page 103.<br><br>Stellar revelations normally note what kind of action they require. If a stellar revelation does not note the kind of action it takes and it modifies some other action (such as an attack or skill check), it can be used as part of that action. If a stellar revelation allows a saving throw to resist its effects, the DC is equal to 10 + half your solarian level + your Charisma modifier. A revelation that says it lasts for 1 round or until you leave the associated mode lasts for whichever of these durations is longer. You can use stellar revelations both in and out of combat, but since you can’t enter a stellar mode outside of battle, any revelation that lasts for 1 round or as long as you’re in a stellar mode lasts only 1 round if you’re not in combat.</p>\n<h1 class=\"title\">Sidereal Influence (Su) - 3rd Level</h1>\n<p>You can tap into stellar forces outside of battle, using the properties of gravitons or photons to affect your skill use. At 3rd level, choose two skills from the lists below, one from the graviton list and one from the photon list. At 11th level and again at 19th level, choose two more skills. Each time you pick skills, choose one from the graviton list and one from the photon list.<br><br>To use your sidereal influence, you must spend 1 minute in meditation, then choose either graviton skills or photon skills. When attempting a skill check with one of your selected skills of the chosen type (either graviton or photon), you can roll 1d6 and add the result as an insight bonus to your check. This ability lasts until you enter combat, fall unconscious, sleep, or meditate again to choose a different skill type. You can reactivate this ability by meditating again for 1 minute.<br><br><strong>Graviton Skills</strong>: Bluff (Cha), Disguise (Cha), Mysticism (Wis), Sense Motive (Wis), Stealth (Dex)<br><strong>Photon Skills</strong>: Culture (Int), Diplomacy (Cha), Intimidate (Cha), Medicine (Int), Survival (Wis)</p>\n<h1 class=\"title\">Weapon Specialization (Ex) - 3rd Level</h1>\n<p>You gain Weapon Specialization as a bonus feat for each weapon type for which this class grants you proficiency. If you selected solar weapon as your solar manifestation, it gains the benefit of Weapon Specialization as if it were an advanced melee weapon.</p>\n<h1 class=\"title\">Flashing Strikes (Ex) - 7th Level</h1>\n<p>Your mastery of melee combat allows you to make multiple attacks more accurately. When making a full attack entirely with melee weapons, you take a –3 penalty to each attack roll instead of the normal –4 penalty.</p>\n<h1 class=\"title\">Zenith Revelations - 9th Level</h1>\n<p>At 9th level and again at 17th level, you gain two powerful stellar revelations. Choose two revelations from the zenith revelations list: one graviton revelation and one photon revelation. The list of zenith revelations begins on page 107.<br><br>Zenith revelations are powerful stellar revelations that require you to be fully attuned in a stellar mode. After using a zenith revelation, your stellar mode immediately becomes unattuned.</p>\n<h1 class=\"title\">Solarian’s Onslaught (Ex) - 13th Level</h1>\n<p>When making a full attack, you can make up to three attacks instead of two attacks. You take a –6 penalty to these attacks instead of a –4 penalty. If you have the flashing strikes class feature, you instead take a –5 penalty to these attacks as long as they are all melee attacks.</p>\n<h1 class=\"title\">Stellar Paragon (Su) - 20th Level</h1>\n<p>&nbsp;You are the spiritual kin of the stars themselves. As a move action, you can raise or lower light levels within 30 feet of yourself by one step. When you enter a stellar mode, you gain 2 attunement points of the corresponding type immediately and are considered attuned, and when you keep your current stellar mode at the start of your turn, you can gain 2 attunement points instead of 1, allowing you to become fully attuned after 2 rounds.<br><br>In addition, you can spend 1 Resolve Point to gain enough attunement points to be fully attuned on the first round of combat (but not after using a zenith revelation), or spend 1 Resolve Point at the start of your turn in combat to exchange all of your attunement points in one stellar mode for an equal number of attunement points in the other mode. For example, you can switch from being fully attuned in graviton mode to being fully attuned in photon mode.</p>"
		},
		{
			"id": "Soldier",
			"name": "Soldier",
			"description": "<p><span id=\"ctl00_MainContent_DataListClasses_ctl00_LabelName\">Conflict is an inevitable result of life. On every world that harbors complex living organisms, creatures battle one another for dominance, resources, territory, or ideals. Whether you’ve taken up arms to protect others, win glory, exact revenge, or simply earn a living, you are the perfect embodiment of this truth. You’re an expert at combat of all types but tend to prefer heavy armor and weapons—the bigger, the better. You may be a career soldier, a fresh mercenary recruit, or a lone wolf who rejects authority, but whether rushing in for hand-to-hand combat or firing tactical barrages, you’re a consummate warrior, never hesitating to put yourself in the line of fire to protect your friends.</span></p>\n<h1 class=\"title\">Primary Fighting Style - 1st Level</h1>\n<p><span id=\"ctl00_MainContent_DataListClasses_ctl00_LabelName\"> You have a preferred fighting style that represents the type of soldier you are. Each fighting style is composed of various style techniques that you learn as you gain experience. You must pick one fighting style upon taking your first soldier level, and once made, this choice cannot be changed. Descriptions of the fighting styles you can choose from appear on pages 112–115. </span></p>\n<h1 class=\"title\">Primary Style Technique - 1st Level</h1>\n<p>At 1st level and every 4 levels thereafter, you gain a style technique unique to your primary fighting style.</p>\n<h1 class=\"title\">Combat Feat - 2nd Level</h1>\n<p>At 2nd level and every 2 levels thereafter, you gain a bonus feat in addition to those gained from normal advancement. These bonus feats must be selected from those listed as combat feats.<br><br>Whenever you gain a new bonus feat, you can also choose to replace one of the bonus feats you have already learned with a different bonus feat. The feat you replace can’t be one that was used as a prerequisite for another feat or other ability. You can change only one feat at any given level, and you must choose whether or not to swap the feat at the time you gain the new bonus feat.</p>\n<h1 class=\"title\">Gear Boost - 3rd Level</h1>\n<p>At 3rd level and every 4 levels thereafter, you learn a trick called a gear boost that make you better with a particular type of weapon or armor. Choose from the gear boosts listed below. Some gear boosts require you to reach a certain soldier level to select them; this level is indicated in parentheses after the boost’s name.</p>\n<h1 class=\"title\">Weapon Specialization (Ex) - 3rd Level</h1>\n<p>You gain Weapon Specialization as a bonus feat for each weapon type this class grants you proficiency with.</p>\n<h1 class=\"title\">Secondary Fighting Style - 9th Level</h1>\n<p>You choose another fighting style. Once you choose this second style, it cannot be changed.</p>\n<h1 class=\"title\">Secondary Style Technique - 9th Level</h1>\n<p>At 9th level and every 4 levels thereafter, you gain a style technique unique to your secondary fighting style. For the purposes of these style techniques, treat your soldier level as equal to your soldier level – 8.</p>\n<h1 class=\"title\">Soldier’s Onslaught (Ex) - 11th Level</h1>\n<p>When you make a full attack, you can make up to three attacks instead of two attacks. You take a –6 penalty to these attacks instead of a –4 penalty.</p>\n<h1 class=\"title\">Kill Shot (Ex) - 20th Level</h1>\n<p>&nbsp;As a standard action, you can make a single attack against an enemy. If the attack hits and does not kill your enemy, you can expend 1 Resolve Point to force the creature to succeed at a Fortitude save or die. Once you’ve used this ability on a creature (regardless of whether or not you forced it to attempt a Fortitude save), that creature is immune to your kill shot for 24 hours.</p>"
		},
		{
			"id": "Technomancer",
			"name": "Technomancer",
			"description": "<p><span id=\"ctl00_MainContent_DataListClasses_ctl00_LabelName\">To the uninitiated, magic and technology are completely unrelated, but you know there are more correlations between the two than most suspect. Magic and technology are just tools, and when combined into one discipline, called technomancy, they can be far more powerful than one or the other on its own. You utilize tech to empower, harness, and manipulate magic, and you wield magic to augment, control, and modify technology. You are an expert at hacking the underlying structure of the universe itself, bending the laws of science and nature to your will. Your technomancy—which is gained from scientific study and experimentation—manipulates the physical world, weaves illusions, allows you to peer through time and space, and if necessary, can blast a foe into atoms.</span></p>\n<h2>Spells Known</h2>\n<p><span id=\"ctl00_MainContent_DataListClasses_ctl00_LabelName\"></span></p>\n<table class=\"inner\">\n<tbody>\n<tr>\n<td><strong>Level</strong></td>\n<td><strong>0</strong></td>\n<td><strong>1st</strong></td>\n<td><strong>2nd</strong></td>\n<td><strong>3rd</strong></td>\n<td><strong>4th</strong></td>\n<td><strong>5th</strong></td>\n<td><strong>6th</strong></td>\n</tr>\n<tr>\n<td>1st</td>\n<td>4</td>\n<td>2</td>\n<td>-</td>\n<td>-</td>\n<td>-</td>\n<td>-</td>\n<td>-</td>\n</tr>\n<tr>\n<td>2nd</td>\n<td>5</td>\n<td>3</td>\n<td>-</td>\n<td>-</td>\n<td>-</td>\n<td>-</td>\n<td>-</td>\n</tr>\n<tr>\n<td>3rd</td>\n<td>6</td>\n<td>4</td>\n<td>-</td>\n<td>-</td>\n<td>-</td>\n<td>-</td>\n<td>-</td>\n</tr>\n<tr>\n<td>4th</td>\n<td>6</td>\n<td>4</td>\n<td>2</td>\n<td>-</td>\n<td>-</td>\n<td>-</td>\n<td>-</td>\n</tr>\n<tr>\n<td>5th</td>\n<td>6</td>\n<td>4</td>\n<td>3</td>\n<td>-</td>\n<td>-</td>\n<td>-</td>\n<td>-</td>\n</tr>\n<tr>\n<td>6th</td>\n<td>6</td>\n<td>4</td>\n<td>4</td>\n<td>-</td>\n<td>-</td>\n<td>-</td>\n<td>-</td>\n</tr>\n<tr>\n<td>7th</td>\n<td>6</td>\n<td>5</td>\n<td>4</td>\n<td>2</td>\n<td>-</td>\n<td>-</td>\n<td>-</td>\n</tr>\n<tr>\n<td>8th</td>\n<td>6</td>\n<td>5</td>\n<td>4</td>\n<td>3</td>\n<td>-</td>\n<td>-</td>\n<td>-</td>\n</tr>\n<tr>\n<td>9th</td>\n<td>6</td>\n<td>5</td>\n<td>4</td>\n<td>4</td>\n<td>-</td>\n<td>-</td>\n<td>-</td>\n</tr>\n<tr>\n<td>10th</td>\n<td>6</td>\n<td>5</td>\n<td>5</td>\n<td>4</td>\n<td>2</td>\n<td>-</td>\n<td>-</td>\n</tr>\n<tr>\n<td>11th</td>\n<td>6</td>\n<td>6</td>\n<td>5</td>\n<td>4</td>\n<td>3</td>\n<td>-</td>\n<td>-</td>\n</tr>\n<tr>\n<td>12th</td>\n<td>6</td>\n<td>6</td>\n<td>5</td>\n<td>4</td>\n<td>4</td>\n<td>-</td>\n<td>-</td>\n</tr>\n<tr>\n<td>13th</td>\n<td>6</td>\n<td>6</td>\n<td>5</td>\n<td>5</td>\n<td>4</td>\n<td>2</td>\n<td>-</td>\n</tr>\n<tr>\n<td>14th</td>\n<td>6</td>\n<td>6</td>\n<td>6</td>\n<td>5</td>\n<td>4</td>\n<td>3</td>\n<td>-</td>\n</tr>\n<tr>\n<td>15th</td>\n<td>6</td>\n<td>6</td>\n<td>6</td>\n<td>5</td>\n<td>4</td>\n<td>4</td>\n<td>-</td>\n</tr>\n<tr>\n<td>16th</td>\n<td>6</td>\n<td>6</td>\n<td>6</td>\n<td>5</td>\n<td>5</td>\n<td>4</td>\n<td>2</td>\n</tr>\n<tr>\n<td>17th</td>\n<td>6</td>\n<td>6</td>\n<td>6</td>\n<td>6</td>\n<td>5</td>\n<td>4</td>\n<td>3</td>\n</tr>\n<tr>\n<td>18th</td>\n<td>6</td>\n<td>6</td>\n<td>6</td>\n<td>6</td>\n<td>5</td>\n<td>4</td>\n<td>4</td>\n</tr>\n<tr>\n<td>19th</td>\n<td>6</td>\n<td>6</td>\n<td>6</td>\n<td>6</td>\n<td>5</td>\n<td>5</td>\n<td>4</td>\n</tr>\n<tr>\n<td>20th</td>\n<td>6</td>\n<td>6</td>\n<td>6</td>\n<td>6</td>\n<td>6</td>\n<td>5</td>\n<td>5</td>\n</tr>\n</tbody>\n</table>\n<h1 class=\"title\">Spells</h1>\n<p><span id=\"ctl00_MainContent_DataListClasses_ctl00_LabelName\"> You cast spells drawn from the technomancer spell list (see page 338). To learn or cast a spell, you must have an Intelligence score equal to at least 10 + the spell’s level. The Difficulty Class for a saving throw against your spell is 10 + the spell’s level + your Intelligence modifier.<br><br>You can cast only a certain number of spells of each spell level per day. Your number of spells per day is given on Table 4–10: Technomancer. In addition, you receive bonus spells per day if you have an Intelligence modifier of +1 or higher, as shown on Table 4–11: Technomancer Bonus Spells—note that you only receive these bonus spells once you can cast spells of that level normally. You can also cast 0-level spells. These spells are cast like any other spell, but there is no limit to how many 0-level spells you can cast each day.<br><br>Your selection of spells is limited. You begin play knowing four 0-level spells and two 1st-level spells of your choice. At each new technomancer level, you learn one or more new spells, as indicated on Table 4–12: Technomancer Spells Known. Unlike spells per day, the number of spells you know isn’t affected by your Intelligence modifier.<br><br>Every time you gain a level, you can swap out one spell you already know and learn a single new spell of the same level in its place. In effect, you lose the old spell in exchange for the new one. You must choose whether or not to swap the spell at the same time you gain new spells known for the level.<br><br>You can cast any technomancer spell you know at any time, assuming you have not yet used up your allotment of spells per day for the spell’s level. You can also cast a spell using a higher-level spell slot. For instance, if you want to cast a 1st-level spell but have used up all your 1st-level spells for the day, you can use a spell from a 2nd-level slot instead if you have one.<br><br>You can also decipher magical inscriptions that would otherwise be unintelligible or, as a full action, identify any spells encoded in a spell gem. This does not normally invoke the magic contained within, although it may do so in the case of a cursed or trapped spell gem. </span></p>\n<h1 class=\"title\">Spell Cache (Su) - 1st Level</h1>\n<p>As the culmination of your early study of the fundamental forces of the galaxy, you have created a spell cache that allows you to store and access spells. Your spell cache could be a device such as a handheld computer or technological implant; an item such as a ring or staff; or a symbol such as a brand, tattoo, or other permanent modification to your body. While you don’t need your spell cache to cast your spells, once per day, you can activate your spell cache to cast any one spell you know and are capable of casting, even if you’ve expended all your spell slots for that spell’s level.<br><br>If your spell cache is damaged, it is restored to full Hit Points the next time you prepare spells. If the spell cache is lost or destroyed, you can replace it after 1 week with a special ritual that takes 8 hours to complete.</p>\n<h1 class=\"title\">Magic Hack - 2nd Level</h1>\n<p>You have carefully studied the forces that define magic and can manipulate them. You learn your first magic hack at 2nd level, and you learn an additional magic hack every 3 levels thereafter. When casting a spell, you can apply no more than one magic hack that affects the attributes of a spell (such as distant spell or extended spell). If a magic hack allows a saving throw to resist its effects, the DC is equal to 10 + half your technomancer level + your Intelligence modifier. The list of magic hacks appears starting on page 120.</p>\n<h1 class=\"title\">Spell Focus - 3rd Level</h1>\n<p>You gain Spell Focus as a bonus feat.</p>\n<h1 class=\"title\">Techlore (Ex) - 3rd Level</h1>\n<p>You rewire your mind to give you greater insight into the nature of magic and technology. You gain a +1 insight bonus to Computers and Mysticism checks. This bonus increases by 1 at 6th level and every 3 levels thereafter.</p>\n<h1 class=\"title\">Weapon Specialization (Ex) - 3rd Level</h1>\n<p>You gain the Weapon Specialization feat as a bonus feat for each weapon type this class grants you proficiency with.</p>\n<h1 class=\"title\">Cache Capacitor (Su) - 6th Level</h1>\n<p>You expand your spell cache into a cache capacitor. As part of regaining your spells each day, you can cast a single spell into your spell cache and have it affect you continuously for 24 hours. The cache capacitor can hold any of the following spells: <em>detect radiation</em>, <em>disguise self</em>, <em>keen senses</em>, or <em>unseen servant</em>. You must know a spell to store it in your cache capacitor. When you cast the spell into your cache capacitor, you expend the spell slot normally and make any decisions required for that spell, but the duration doesn’t expire for 24 hours. If the spell in your cache capacitor is dispelled or dismissed, you can spend 5 minutes of uninterrupted concentration to reestablish it, keeping the same decisions you made when you cast it, and gaining whatever duration the spell had remaining. You can’t exchange the stored spell for another spell until you again regains your spells.<br><br>At 12th level, your cache capacitor gains a second slot that can hold <em>darkvision</em>, <em>lesser resistant armor</em>, <em>life bubble</em>, or <em>spider climb</em>.<br><br>At 18th level, your cache capacitor gains a third slot that can hold <em>arcane sight</em>, <em>flight</em> (spell level 3rd or lower), <em>see invisibility</em>, or <em>tongues</em>.</p>\n<h1 class=\"title\">Resolve Attunement (Ex) - 19th Level</h1>\n<p>You recover Resolve Points when you use powerful magic. Each time you cast a 6th-level spell, you regain 1 Resolve Point, up to your normal maximum. This applies only to spells you cast using your normal 6th-level spell slots, not to those you cast using magic items or other methods such as fuse spells.</p>\n<h1 class=\"title\">Fuse Spells (Ex) - 20th Level</h1>\n<p>&nbsp; &nbsp;You can combine lower-level spell slots to cast higher-level spells. As part of casting a spell, you can spend 1 Resolve Point to exchange a number of unused spell slots for a single spell slot of a higher level; this expends the lower-level spell slots. Add up the levels of the expended slots to determine which higher level of spell you can cast (maximum 6th). For instance, you could exchange three 1st-level slots to cast a 3rd-level spell, or you could exchange two 3rd-level slots to cast a 6th-level spell. If you combine spell slots to cast a 6th-level spell, it doesn’t count as such for resolve attunement.<br><br>Furthermore, you can spend 2 Resolve Points to combine two 6th-level spell slots to cast <em>wish</em>.</p>"
		}
	]
}